{"cameraMode":{"drawMode":0,"name":"Shaded","section":"Shading Mode"},"sceneLighting":false,"audioPlay":false,"sceneViewState":{"m_AlwaysRefresh":false,"showFog":true,"showSkybox":false,"showFlares":true,"showImageEffects":true,"showParticleSystems":true,"showVisualEffectGraphs":true,"m_FxEnabled":true},"in2DMode":false,"pivot":{"x":-0.11234159022569657,"y":-0.7809484601020813,"z":2.248277187347412},"rotation":{"x":0.30684953927993777,"y":0.5698220133781433,"z":-0.24185635149478913,"w":0.7229472994804382},"size":1.2162744998931885,"orthographic":false}